<?xml version="1.0" encoding="UTF-8"?>
<cars>
<car>
  <nameplate>CT-00-XYZ</nameplate>
  <category>Vehicule</category>
  <manufacter>Dacia</manufacter>
  <model>LOGAN</model>
  <ci_number>SD LSDAE</ci_number>
  <vin>XYZ00000000000000</vin>
  <registration_series>K</registration_series>
  <owner>Chivu Cornel</owner>
  <owner_address>Str. SOLOJA Nr. 45 Bl F2 Sc. A Ap.11 Mun. Constanta Jud. Constanta</owner_address>
  <lat>31.977144</lat>
  <long>-81.224593</long>
  <manufacter_date>05.04.2006</manufacter_date>
  <registration_date>28.08.2008</registration_date>
  <cylindrel_capacity>1555</cylindrel_capacity>
  <nominal_weight>1097</nominal_weight>
  <maximum_weight>1390</maximum_weight>
  <nominal_power>55 Kw</nominal_power>
  <fuel_type>Gasoline</fuel_type>
  <color>White</color>
  <number_of_seats>5</number_of_seats>
  <date_of_next_inspection>04.04.2010</date_of_next_inspection>
</car>
</cars>